{
    "dependencies": {
        "fabric-loader": "0.16.5",
        "minecraft": "1.20.1"
    },
    "files": [
        {
            "downloads": [
                "https://cdn.modrinth.com/data/G1epq3jN/versions/gfcbMV82/advancementinfo-1.20-fabric0.83.0-1.4.jar"
            ],
            "fileSize": 43895,
            "hashes": {
                "sha1": "dfa603a2db09d6e303dd2991f016550ae156e3d1",
                "sha512": "ff10a77f831354f757c1ba4b6906e612549f3ac0dd3b15101dae29a459937bfceabe5e7ce7cd9126e58833a69e5a4ba04993dfcf2098830b9ccf2c192dddc0e5"
            },
            "path": "mods/advancementinfo-1.20-fabric0.83.0-1.4.jar"
        },
        {
            "downloads": [
                "https://cdn.modrinth.com/data/PRN43VSY/versions/uNgEPb10/animatica-0.6%2B1.20.jar"
            ],
            "fileSize": 69810,
            "hashes": {
                "sha1": "3bcb19c759f313e69d3f7848b03c48f15167b88d",
                "sha512": "7d50f3f34479f8b052bfb9e2482603b4906b8984039777dc2513ecf18e9af2b599c9d094e88cec774f8525345859e721a394c8cd7c14a789c9538d2533c71d65"
            },
            "path": "mods/animatica-0.6+1.20.jar"
        },
        {
            "downloads": [
                "https://cdn.modrinth.com/data/ftdbN0KK/versions/JjLWLyDz/badpackets-fabric-0.4.3.jar"
            ],
            "fileSize": 27655,
            "hashes": {
                "sha1": "87b7ef4e9c9bff0fd8cdcc79156e9c7ac7b26690",
                "sha512": "2375bf680a6bc716808735e4258408212609480c1088c6249c8a6dbb450429e81de02891a4b412fcafe588d3b521e68f33918b8f99bb425e7dc79f212c924b9c"
            },
            "path": "mods/badpackets-fabric-0.4.3.jar"
        },
        {
            "downloads": [
                "https://cdn.modrinth.com/data/kqJFAPU9/versions/h1QpxElt/bettermounthud-1.2.2.jar"
            ],
            "fileSize": 21587,
            "hashes": {
                "sha1": "6942fb39ca2e87208b0b0630a5efc4511c82dcf4",
                "sha512": "1275717f84ece63f59714162a68b4e19ca626f843acefbfca49f4d446665559edd007db20cf4e66abf9ff1e76fe05f36bf5ca88fb1e63ef78c15a6b7fef01bb6"
            },
            "path": "mods/bettermounthud-1.2.2.jar"
        },
        {
            "downloads": [
                "https://cdn.modrinth.com/data/kYq5qkSL/versions/lhrW53q7/borderless-mining-1.1.8%2B1.20.1.jar"
            ],
            "fileSize": 118295,
            "hashes": {
                "sha1": "dbdb8a0600679f3c76480ae5d0995e2334773ce3",
                "sha512": "ca30d3fea6cae4c206789d7461edeedfb294a96e5eaebf60075baf3326e1021979cd94e29ade9096f25bfeb8cb36b6c6659d480ad24b1572c0c79efc6ee5e420"
            },
            "path": "mods/borderless-mining-1.1.8+1.20.1.jar"
        },
        {
            "downloads": [
                "https://cdn.modrinth.com/data/89Wsn8GD/versions/z2zOEvPP/capes-1.5.2%2B1.20-fabric.jar"
            ],
            "fileSize": 170082,
            "hashes": {
                "sha1": "5444e301346383f6133189e66069e970d4a126fc",
                "sha512": "e8e0b46e6a7da55e83a3883497e29666941cf865c6166b319d56ba574a5124d864353be257c05468f3626813c28544c69fb8015fb24acc41a7ef9356b83714eb"
            },
            "path": "mods/capes-1.5.2+1.20-fabric.jar"
        },
        {
            "downloads": [
                "https://cdn.modrinth.com/data/ni4SrKmq/versions/P6IIkNHw/chesttracker-2.6.0%2B1.20.1.jar"
            ],
            "fileSize": 1302812,
            "hashes": {
                "sha1": "1883dc09b3fa488aa8c225e1ae5f404497d5708d",
                "sha512": "c1eb7a91eff2cf7354fc3e29c445beadb0d47a37b0a156729188c6e4b7cbec955ed6daebf898483103c7577fac3bf6de81b80d0d52351080eaca1d098067b8a9"
            },
            "path": "mods/chesttracker-2.6.0+1.20.1.jar"
        },
        {
            "downloads": [
                "https://cdn.modrinth.com/data/t1VgucWo/versions/rLIi25kQ/chunkloaders-1.2.8a-fabric-mc1.20.1.jar"
            ],
            "fileSize": 156001,
            "hashes": {
                "sha1": "74d9d1ff036ce70878beeb443427b34e3c4cf7cc",
                "sha512": "b8479745bbc31ab883dc45609109d33e0d3fcfb5401460232fb69c36a1bd7a96dd1e2935e0d63dabeb85cd34a546fe6c90dbc8b3dc602e6c71a7bc0b6ef02f73"
            },
            "path": "mods/chunkloaders-1.2.8a-fabric-mc1.20.1.jar"
        },
        {
            "downloads": [
                "https://cdn.modrinth.com/data/otVJckYQ/versions/c7Lo4vij/CITResewn-1.1.3%2B1.20.jar"
            ],
            "fileSize": 394652,
            "hashes": {
                "sha1": "53f036ebe51d7d97afaf44d541775c92c4470dad",
                "sha512": "9cd0d8445e65e530cbe1df26809cdf56b84502146f0dd601c47a7ba5df8dd8b861d1cc0344e06cd5277dac71c448376f01ea12be953644ebcba76a8b63befed5"
            },
            "path": "mods/CITResewn-1.1.3+1.20.jar"
        },
        {
            "downloads": [
                "https://cdn.modrinth.com/data/9s6osm5g/versions/s7VTKfLA/cloth-config-11.1.106-fabric.jar"
            ],
            "fileSize": 1159179,
            "hashes": {
                "sha1": "a05e176326365f2b8e377a35be52a5671491bcfd",
                "sha512": "bce3d04905f49a331ade089332f0bb5f2329a81451f2acdd4d95590cb090dbc88f0192a85de342e705f4aea9f4cdf2add8b5ef842d0014e29f0a2a9c281984a2"
            },
            "path": "mods/cloth-config-11.1.106-fabric.jar"
        },
        {
            "downloads": [
                "https://cdn.modrinth.com/data/SaCpeal4/versions/pMr60Kkq/comforts-fabric-6.4.0%2B1.20.1.jar"
            ],
            "fileSize": 693624,
            "hashes": {
                "sha1": "96c1b52fa6dcff140b56e17ce980d2a5c528fad2",
                "sha512": "c1796378b47aa03544b772d2b631d7387e4365ba0c0a3468dc5e78348d26e0406bd015b530e0acab679e090310aafd201a106e519d3b9e32b26e0db9928b04be"
            },
            "path": "mods/comforts-fabric-6.4.0+1.20.1.jar"
        },
        {
            "downloads": [
                "https://cdn.modrinth.com/data/1IjD5062/versions/Z9FJWLMt/continuity-3.0.0-beta.4%2B1.20.1.jar"
            ],
            "fileSize": 1050571,
            "hashes": {
                "sha1": "b662fd625ba1f06c6e4958eac373856047d0d2a9",
                "sha512": "2a42ef76cd2a60af01fffed1cd9e08270b537f116f7fa0ede49a5b526fa7b9860845a6f321c4a7600f80e739391eb24a6e6d9850c33894b58bc2d01a8a63f8b4"
            },
            "path": "mods/continuity-3.0.0-beta.4+1.20.1.jar"
        },
        {
            "downloads": [
                "https://cdn.modrinth.com/data/Xbc0uyRg/versions/h2HgGyvA/create-fabric-0.5.1-f-build.1417%2Bmc1.20.1.jar"
            ],
            "fileSize": 21952417,
            "hashes": {
                "sha1": "dc5c230e3b293092b457200883398225fffab597",
                "sha512": "bc8e3afc219ecf9d475f4b56f421024f76fc20bce941a2c956ecca1e8905b39d946a124aca48cb391a0a60314d68fd5413c8c12d0ad1f605159b10611595878f"
            },
            "path": "mods/create-fabric-0.5.1-f-build.1417+mc1.20.1.jar"
        },
        {
            "downloads": [
                "https://cdn.modrinth.com/data/QwxR6Gcd/versions/6XDJoCks/Debugify-1.20.1%2B2.0.jar"
            ],
            "fileSize": 337545,
            "hashes": {
                "sha1": "ca859180ad2b57856fbcc8db4995c1871a7d556c",
                "sha512": "4cbeeafd7daadcf8a54526b6f415eac39c8bd1459d44967f484c499f407b9625c10faa5c8f825946d97529d5d64fd7504669bc13ebc4c3eb2a143aa20b50e4bd"
            },
            "path": "mods/Debugify-1.20.1+2.0.jar"
        },
        {
            "downloads": [
                "https://cdn.modrinth.com/data/LQ3K71Q1/versions/MJxmQ042/dynamic-fps-3.2.1%2Bminecraft-1.20.0.jar"
            ],
            "fileSize": 70316,
            "hashes": {
                "sha1": "d4edd1828b1595eca7be0d36d1cc45b189a17a6e",
                "sha512": "6ca9280ee22153552cdb4a75454850c2b75914d661afdea97c11a7c70370631f8f1574233c52ab46e36e97b9caed3f3574eee95169b2382d1b7a1e96973bdb77"
            },
            "path": "mods/dynamic-fps-3.2.1+minecraft-1.20.0.jar"
        },
        {
            "downloads": [
                "https://cdn.modrinth.com/data/qANg5Jrr/versions/vVFlVRt7/e4mc-4.0.1%2B1.19.4-fabric.jar"
            ],
            "fileSize": 275794,
            "hashes": {
                "sha1": "458253f15e3c5bb0d5354f42f3eedc5b1a71472c",
                "sha512": "6dc10427ae9df71562ab948bb6b2502219bb5c37f58cc265390d9e311fc2b442a403440bb63953c6623777792d0c5cbafe0d894faa1c4cac282169d2000b22a3"
            },
            "path": "mods/e4mc-4.0.1+1.19.4-fabric.jar"
        },
        {
            "downloads": [
                "https://cdn.modrinth.com/data/OVuFYfre/versions/i3v1Skck/enhancedblockentities-0.9%2B1.20.jar"
            ],
            "fileSize": 490690,
            "hashes": {
                "sha1": "61cfe50f69f8ef9e3640c0269ef158870f5b0410",
                "sha512": "7e8b402fd25efd396bc7f0f25a663808ae9890accc227850c454dfcdc975657f22afceb15878e781485622434a6f6d60aff2a60264aa4425edd52ebe052a0de5"
            },
            "path": "mods/enhancedblockentities-0.9+1.20.jar"
        },
        {
            "downloads": [
                "https://cdn.modrinth.com/data/NNAgCjsB/versions/BDwHAdWc/entityculling-fabric-1.6.2-mc1.20.1.jar"
            ],
            "fileSize": 59348,
            "hashes": {
                "sha1": "8e4be2bb9703deddb3d3d212c812cdc1f9de072b",
                "sha512": "0080d3733f77e6b2e80e40d5d7bfe63dd125d94984bf92568d3434ff281f68123ec382ee53eba021278c01059299c12492dd518e61de1247f5cf7e8040bc98f1"
            },
            "path": "mods/entityculling-fabric-1.6.2-mc1.20.1.jar"
        },
        {
            "downloads": [
                "https://cdn.modrinth.com/data/4I1XuqiY/versions/zO7oFMiv/entity_model_features_fabric_1.20-1.0.2.jar"
            ],
            "fileSize": 290514,
            "hashes": {
                "sha1": "87147ac0b539ccb0f409a1eaa4914846b513db67",
                "sha512": "ad69d9bbe51135792a0eb6dd20bdc3736f6f64e82e7fed9fda16bd462734c55b1c8924284727fca61f5b7bf12da8a5f40fc2b4d5566222e1e2942b7a044f0976"
            },
            "path": "mods/entity_model_features_fabric_1.20-1.0.2.jar"
        },
        {
            "downloads": [
                "https://cdn.modrinth.com/data/BVzZfTc1/versions/UPenaMj3/entity_texture_features_fabric_1.20-4.5.1.jar"
            ],
            "fileSize": 457226,
            "hashes": {
                "sha1": "19d45b9054a2854ced2e50f45765d76b47a2a4ba",
                "sha512": "5a6f54123ab0662d7eadcfe6aab987bf6b48915fcc141b1d27e06de96e02374252c7f386ccfc173522be12024575daea319554f007f53d1ae6d8357fb8c9a6c0"
            },
            "path": "mods/entity_texture_features_fabric_1.20-4.5.1.jar"
        },
        {
            "downloads": [
                "https://cdn.modrinth.com/data/P7dR8mSH/versions/P7uGFii0/fabric-api-0.92.2%2B1.20.1.jar"
            ],
            "fileSize": 2107289,
            "hashes": {
                "sha1": "625ee015ee426d9b677382a7bb661383d89c0807",
                "sha512": "a9b461e9e28871002072337adc69e829f5a59c05a39ffe1f6a27df7daff392ac25c8e5a6c01ff340b3eef99cecc42b21c012766a7c87446ca442f9ea1b04aca6"
            },
            "path": "mods/fabric-api-0.92.2+1.20.1.jar"
        },
        {
            "downloads": [
                "https://cdn.modrinth.com/data/Ha28R6CL/versions/48ri5y9r/fabric-language-kotlin-1.10.10%2Bkotlin.1.9.10.jar"
            ],
            "fileSize": 6722438,
            "hashes": {
                "sha1": "c708f3f4e94f0f66e72c6e96858368f0512c3b38",
                "sha512": "27e3edb4a6c170827115018728e5d3a5b84d001f8f42138403d3d0127104ec334adfaea078d063b1c87cc55c979d9237bafb16fc98558a34e1d1befdda499bc5"
            },
            "path": "mods/fabric-language-kotlin-1.10.10+kotlin.1.9.10.jar"
        },
        {
            "downloads": [
                "https://cdn.modrinth.com/data/YBz7DOs8/versions/cezLH6eB/fabricskyboxes-0.7.3%2Bmc1.20.1.jar"
            ],
            "fileSize": 207272,
            "hashes": {
                "sha1": "31a13b9ca0a500b4caad993ec42e1199142d86d1",
                "sha512": "e71c12b81f10b42c06fac9719a2135c6d34f298fb12d926bce9aca6af8655b76ccb31dce9561543499a019e43e93cf4036dc051fe2a97ca2a8fe112f646a99a5"
            },
            "path": "mods/fabricskyboxes-0.7.3+mc1.20.1.jar"
        },
        {
            "downloads": [
                "https://cdn.modrinth.com/data/3qsfQtE9/versions/fLwacDtJ/fabrishot-1.10.0.jar"
            ],
            "fileSize": 44182,
            "hashes": {
                "sha1": "15cd04a988726aa4f45fe59813c384329f5d8b94",
                "sha512": "153386dfd14e1d5731dd71baa336409c526711ec117d149cf145bc4c90bc1aa2aaf63e748443aa5fcb81651ae2f2e9470300cb3262c3b4ab67d8db558bd1523f"
            },
            "path": "mods/fabrishot-1.10.0.jar"
        },
        {
            "downloads": [
                "https://cdn.modrinth.com/data/ncKjyGm3/versions/j53ChsnW/fadeless-1.0.1.jar"
            ],
            "fileSize": 7876,
            "hashes": {
                "sha1": "8a48f9abfa26e4abc06490c6e818f5cf6af1c280",
                "sha512": "8baece2486a29354276fbfbcb267ada333c26c59b3bd662101c309aea15689e06411d5e43e557601fb53288258a7b4239f34d573131972b098aaf69ff943ac96"
            },
            "path": "mods/fadeless-1.0.1.jar"
        },
        {
            "downloads": [
                "https://cdn.modrinth.com/data/x1hIzbuY/versions/tNgyOUMr/fastquit-3.0.0%2B1.20%2B.jar"
            ],
            "fileSize": 79306,
            "hashes": {
                "sha1": "68f080925502a49027e231c63d3b94128ed6499b",
                "sha512": "aa4710b43b9ed8a15f39d83fd0f6fc84f5c1e2348b2bad2e88ab0c0793d308162035f6bbed03488eefe719fe565ed37d6310c710f07349c10502ae5937555133"
            },
            "path": "mods/fastquit-3.0.0+1.20+.jar"
        },
        {
            "downloads": [
                "https://cdn.modrinth.com/data/uXXizFIs/versions/FCnCG6PS/ferritecore-6.0.0-fabric.jar"
            ],
            "fileSize": 124927,
            "hashes": {
                "sha1": "5a57ea73c3c7c0cc300d69611a9cad93baf8e9ab",
                "sha512": "9f563d8ceb2ec838e5da23257d369a26be0323e2f7777df8bb6e2ac4610dd0020827411f7e82e1f151d0fd9236014a8f02801ab4c1a5857ad3fd90345f6cfa9c"
            },
            "path": "mods/ferritecore-6.0.0-fabric.jar"
        },
        {
            "downloads": [
                "https://cdn.modrinth.com/data/HpdHOPOp/versions/JRvZ5VhS/fsb-interop-1.3.6%2Bmc1.20.1-build.50.jar"
            ],
            "fileSize": 49495,
            "hashes": {
                "sha1": "4ead20a0528788f36d4a7e38d1ebfec35218387e",
                "sha512": "922e5048e64b82181147cebda117408dabdc0119cd101172a7c24047a936b7add14a7db21b3aa73c6f0262b97cddd7f3768bdb30e08aae3fd88913e8f9fa5ee0"
            },
            "path": "mods/fsb-interop-1.3.6+mc1.20.1-build.50.jar"
        },
        {
            "downloads": [
                "https://cdn.modrinth.com/data/5ZwdcRci/versions/mbeaDZtb/ImmediatelyFast-1.2.6%2B1.20.2.jar"
            ],
            "fileSize": 657143,
            "hashes": {
                "sha1": "13b4fd8f0214d36a01b2c874f0f88c9ddb2dd556",
                "sha512": "cbb1933e5c8ed4ba7749bb29dabb2edb40a15793e437ac59c2a63a421e309c887f1d9715424520ba1faf0ad211350eeb411f7c067c2c6ed2294ff9b621379940"
            },
            "path": "mods/ImmediatelyFast-1.2.6+1.20.2.jar"
        },
        {
            "downloads": [
                "https://cdn.modrinth.com/data/Orvt0mRa/versions/Lue6O9z9/indium-1.0.27%2Bmc1.20.1.jar"
            ],
            "fileSize": 104807,
            "hashes": {
                "sha1": "8c8e6b96243155b41f2f9d29d5940ee895bcb141",
                "sha512": "c6e6627b8bb6a40497f27f86619ee5f17f68386f10585b4944e1aad01337a8f55be7401bc1824c69f94d755db3faaf16537b1d2d2cd282d24393d61df9b6fbef"
            },
            "path": "mods/indium-1.0.27+mc1.20.1.jar"
        },
        {
            "downloads": [
                "https://cdn.modrinth.com/data/I0UYcPa0/versions/ed738xvb/inmis-2.7.2-1.20.1.jar"
            ],
            "fileSize": 147752,
            "hashes": {
                "sha1": "e04612567833f1b5fecc28a2963297316d835179",
                "sha512": "98dca2d8a9b371bf4c84a4300aaa0c87e6cac3d5f598600ea78f4e74dbe6d73dff2b1f1f53d8fb251d71ecb23097376d857012ef5eb1e3122bea2dee4363f652"
            },
            "path": "mods/inmis-2.7.2-1.20.1.jar"
        },
        {
            "downloads": [
                "https://cdn.modrinth.com/data/5ibSyLAz/versions/tr2ZGtz4/InventorySorter-1.9.0-1.20.jar"
            ],
            "fileSize": 222894,
            "hashes": {
                "sha1": "19b4af69600fc940112f36a3256d492670d8d4c5",
                "sha512": "bb8f71a53940e82ddc20918b64602b2f6dfa289055966e43d1c324266d24ef06161d4a0d71a9abda6081d53559c1bd8264187ae369583bfea9a8c3ef9dc59c93"
            },
            "path": "mods/InventorySorter-1.9.0-1.20.jar"
        },
        {
            "downloads": [
                "https://cdn.modrinth.com/data/YL57xq9U/versions/DsjYuGMO/iris-mc1.20.1-1.6.10.jar"
            ],
            "fileSize": 2412690,
            "hashes": {
                "sha1": "338d922ec28c8ccd24e2387de29f53987145485a",
                "sha512": "db36743c97adc2f38497db7086c559f1b9a41d633340fefb9ee423ddb17cf11c86b4046d130f76d91fe8d41a24cc5071e4e83d4d8a460bfffdb6410aa9a9679d"
            },
            "path": "mods/iris-mc1.20.1-1.6.10.jar"
        },
        {
            "downloads": [
                "https://cdn.modrinth.com/data/RPOSBQgq/versions/vEUPTNem/itemswapper-fabric-0.7.1-mc1.20.1.jar"
            ],
            "fileSize": 885081,
            "hashes": {
                "sha1": "a46f2c1135648ba39927e614191af66e4f82aa18",
                "sha512": "8c9ca8e0a1270e9179f7f7d83c4b771a11fad43c580dcab33f0c8fc22855a7cb6b102e39418d2b47af1ca78696994533d3b00c4590f505da1eca49982dff080c"
            },
            "path": "mods/itemswapper-fabric-0.7.1-mc1.20.1.jar"
        },
        {
            "downloads": [
                "https://cdn.modrinth.com/data/u6dRKJwZ/versions/gRSDKabY/jei-1.20.1-fabric-15.19.0.89.jar"
            ],
            "fileSize": 1392407,
            "hashes": {
                "sha1": "d3ac76e5282ced6cf3f4a36a303f2c90a555caa9",
                "sha512": "29c7ee0afd392c6406524e5b6944908ac92a70aed1a6a1c59ee94562eea6334cd53577839ee09abef81f1abd59b176b66df5da2ee593ddc78fb962b7968f7c1b"
            },
            "path": "mods/jei-1.20.1-fabric-15.19.0.89.jar"
        },
        {
            "downloads": [
                "https://cdn.modrinth.com/data/yBW8D80W/versions/mYl4RvKg/lambdynamiclights-2.3.2%2B1.20.1.jar"
            ],
            "fileSize": 573183,
            "hashes": {
                "sha1": "71b636fa74744e51ba2d248c81a38bdbfad5d43b",
                "sha512": "4870953196e22d02844b76fdcae29823922401a5b238d134374308a256a7ffcfb9f087369fc0ec23b5cb218b995d2efa6f60ac0b99fbf9b298ee7ffbb4f6937a"
            },
            "path": "mods/lambdynamiclights-2.3.2+1.20.1.jar"
        },
        {
            "downloads": [
                "https://cdn.modrinth.com/data/uLbm7CG6/versions/Oyc76oFa/language-reload-1.5.9%2B1.20.1.jar"
            ],
            "fileSize": 198128,
            "hashes": {
                "sha1": "d647d82cbae0d16132cb8e96b472640397e68dda",
                "sha512": "b9bcf794efa1223caaef9da1e102117efebef39d203a1809f1970d534a26c3bc8a610db2c2f4ada0ba5b4b62d1126b86bfd18f1971cfe3ba67676d8177f8f026"
            },
            "path": "mods/language-reload-1.5.9+1.20.1.jar"
        },
        {
            "downloads": [
                "https://cdn.modrinth.com/data/gvQqBUqZ/versions/ZSNsJrPI/lithium-fabric-mc1.20.1-0.11.2.jar"
            ],
            "fileSize": 645865,
            "hashes": {
                "sha1": "8f4642147e60827f728badac7a819d1a9f3b25d5",
                "sha512": "d1b5c90ba8b4879814df7fbf6e67412febbb2870e8131858c211130e9b5546e86b213b768b912fc7a2efa37831ad91caf28d6d71ba972274618ffd59937e5d0d"
            },
            "path": "mods/lithium-fabric-mc1.20.1-0.11.2.jar"
        },
        {
            "downloads": [
                "https://cdn.modrinth.com/data/qJDfP7WN/versions/hWX5REu6/main-menu-credits-1.1.2.jar"
            ],
            "fileSize": 14340,
            "hashes": {
                "sha1": "771eb704928c6d3e9fdf0e7971ba7d97305e09dd",
                "sha512": "ffd34a0fb7d0eda309af8deb0a06cae8c367e954e4452fef50a25bf2e3639aa998b4d1dcf0f74be61e51d7ccca175a80631927878a07103ca9da40492fd43467"
            },
            "path": "mods/main-menu-credits-1.1.2.jar"
        },
        {
            "downloads": [
                "https://cdn.modrinth.com/data/GcWjdA9I/versions/V7yLDtJV/malilib-fabric-1.20.1-0.16.3.jar"
            ],
            "fileSize": 545403,
            "hashes": {
                "sha1": "94d4dd8a82e493d956b423019134d8c48ee737be",
                "sha512": "2c16a64cf9af03569618c6bd0359797bbaecec854ac8e8197e9180b1739eb74b6157a9c389a4f8dd8b4aabe52227aafb8d2a6b6b72732ed3c450ff9a0849234c"
            },
            "path": "mods/malilib-fabric-1.20.1-0.16.3.jar"
        },
        {
            "downloads": [
                "https://cdn.modrinth.com/data/NRjRiSSD/versions/dGlflhb6/memoryleakfix-fabric-1.17%2B-1.1.2.jar"
            ],
            "fileSize": 146263,
            "hashes": {
                "sha1": "b0eecb140bd124c781469aa0f48bc888072b4ac5",
                "sha512": "a921d171d4391a690724cde818d43f666b03a36e1ffa05849c2c853f6e005f6fc4254f1bc040890a0a8a6eff57abf2edf73367189bb2ec9e34e9df92920d89ad"
            },
            "path": "mods/memoryleakfix-fabric-1.17+-1.1.2.jar"
        },
        {
            "downloads": [
                "https://cdn.modrinth.com/data/UMxybHE8/versions/s4CUdPPN/minihud-fabric-1.20.1-0.27.1.jar"
            ],
            "fileSize": 328743,
            "hashes": {
                "sha1": "8347b83dd02718cc1b187e5ea83f371e0ac26ab7",
                "sha512": "913d4b745db01c05d4f12b62d045b098b24a7a26b918446e4682c3a0c3a5b8029c7b824b27007a9b627761d0eed784eb92f1b1f0f5ec8b78d07739d563b9b160"
            },
            "path": "mods/minihud-fabric-1.20.1-0.27.1.jar"
        },
        {
            "downloads": [
                "https://cdn.modrinth.com/data/sGmHWmeL/versions/1.1.1%2B1.17/mixintrace-1.1.1%2B1.17.jar"
            ],
            "fileSize": 36039,
            "hashes": {
                "sha1": "7fbb0130db0e427ee7180d304dfa65c46f0e3b69",
                "sha512": "ea9034b60bc1c64629a9bcad2e619907692fe6e7464026236c55cc5a4892a20d21dd6318ad0380ab2ec245f7077939b6717d2ed58e00708c17470be14f5e0b5f"
            },
            "path": "mods/mixintrace-1.1.1+1.17.jar"
        },
        {
            "downloads": [
                "https://cdn.modrinth.com/data/QdG47OkI/versions/r6uVoUxU/modelfix-1.14-fabric.jar"
            ],
            "fileSize": 65430,
            "hashes": {
                "sha1": "7c6a38565820d9c1941eb9d1aadaae75cb11ed8b",
                "sha512": "892fcccb853e097c3bc11b7205ccd7e99432a6eefee0a6803432d2aa91411eaf0ade9efbd301f5b6991e9efa265cacf67f67518181c3bd2e1ab178e76a4b18c9"
            },
            "path": "mods/modelfix-1.14-fabric.jar"
        },
        {
            "downloads": [
                "https://cdn.modrinth.com/data/nmDcB62a/versions/gDr0pa5m/modernfix-fabric-5.8.1%2Bmc1.20.1.jar"
            ],
            "fileSize": 528727,
            "hashes": {
                "sha1": "8e54fc50037506691f10098db0457c721b8b75c4",
                "sha512": "65e2f63c4ba89198fcb0042bfd8e0a21901ef505416d3dc5e6c252bd655e38b540d7dce8ca11925d06d3b70d1682fcabed5746343e3d0c29cb4593ae87050715"
            },
            "path": "mods/modernfix-fabric-5.8.1+mc1.20.1.jar"
        },
        {
            "downloads": [
                "https://cdn.modrinth.com/data/mOgUt4GM/versions/lEkperf6/modmenu-7.2.2.jar"
            ],
            "fileSize": 721366,
            "hashes": {
                "sha1": "099c68feeb74887cbbbd8ce9a27c6123804a2c5a",
                "sha512": "9a7837e04bb34376611b207a3b20e5fe1c82a4822b42929d5b410809ec4b88ff3cac8821c4568f880775bafa3c079dfc7800f8471356a4046248b12607e855eb"
            },
            "path": "mods/modmenu-7.2.2.jar"
        },
        {
            "downloads": [
                "https://cdn.modrinth.com/data/8qkXwOnk/versions/mc1.19.1-1.1.1/morechathistory-1.19.1-1.1.1.jar"
            ],
            "fileSize": 11223,
            "hashes": {
                "sha1": "b23419da24f1c7ae16c6e77e992a38491cccf2c8",
                "sha512": "97b92ad55bc88ea5c75de55672bfd23842a03dd1d697cb9d877b2d97da3f52c2f4c00858f603c77261372749f1006b37588692e125edb2c93488e108fd589345"
            },
            "path": "mods/morechathistory-1.19.1-1.1.1.jar"
        },
        {
            "downloads": [
                "https://cdn.modrinth.com/data/51shyZVL/versions/Bu5pCvCn/moreculling-1.20.1-0.19.0.jar"
            ],
            "fileSize": 334034,
            "hashes": {
                "sha1": "2b781b5ec7aa1b13f49a5fcc761a6b3f57c1e05f",
                "sha512": "de1e00d14d0f682341863028fa970f929ced6b6cdc6f6105b99c0adb0b4be07c24f89ce95f256999acd4469590d40ddedeb41d6466d723d314ad16b6e456ebed"
            },
            "path": "mods/moreculling-1.20.1-0.19.0.jar"
        },
        {
            "downloads": [
                "https://cdn.modrinth.com/data/aC3cM3Vq/versions/mjuG4AYd/MouseTweaks-fabric-mc1.20-2.26.jar"
            ],
            "fileSize": 77943,
            "hashes": {
                "sha1": "6a6b977e671b1ab625e740fc70fb5300c21bb841",
                "sha512": "d0faf200dda358efddad2d2809f646023f4dd06254572369e07f3bf33cb6941f0fcdb02db4675b30b4f3bd542cbf6196e135680ba91a2b74c2b071f34978e2d5"
            },
            "path": "mods/MouseTweaks-fabric-mc1.20-2.26.jar"
        },
        {
            "downloads": [
                "https://cdn.modrinth.com/data/qQyHxfxd/versions/HeZZR2kF/NoChatReports-FABRIC-1.20.1-v2.2.2.jar"
            ],
            "fileSize": 619812,
            "hashes": {
                "sha1": "b99f23fb76aad5a944400717e6d71aa011c4d7f7",
                "sha512": "3213e37fc12205e49f69a6c295c8c3237d8464d63dedbfbac4901892752741d22ebf7e1b40d6683143e70ca158fc95b00c2af177a1263038edce9a46b6cbeb79"
            },
            "path": "mods/NoChatReports-FABRIC-1.20.1-v2.2.2.jar"
        },
        {
            "downloads": [
                "https://cdn.modrinth.com/data/JuksLGBQ/versions/x0k8u61W/optigui-2.1.5.jar"
            ],
            "fileSize": 778903,
            "hashes": {
                "sha1": "1560d8656027c31b6bc3a60e39c51f50eb45e482",
                "sha512": "53f12cf6ccca11403df545c5ac608aefbbf69c37ac1d5e98336155e48d222fee923a341d96e012af48ee71805e7e900bd2be66babd4e8bd5a5248224987da60e"
            },
            "path": "mods/optigui-2.1.5.jar"
        },
        {
            "downloads": [
                "https://cdn.modrinth.com/data/tEJPA4Ty/versions/GWCykcY1/porting_lib-2.3.4%2B1.20.1.jar"
            ],
            "fileSize": 3279971,
            "hashes": {
                "sha1": "eedf6f18e1da30953bd2870de11bfd9a151ce725",
                "sha512": "76fe7b6ac3519e5f8189e63092bb4c5ac4241fcefa0ee3bf1b6777dd07e2065feb4e11bbf4a29f566ec0931657caea8d74d88ab7ceff3ef93d3a8c466196bf41"
            },
            "path": "mods/porting_lib-2.3.4+1.20.1.jar"
        },
        {
            "downloads": [
                "https://cdn.modrinth.com/data/3IuO68q1/versions/F5UKlslF/puzzle-1.5.2%2B1.20.jar"
            ],
            "fileSize": 133463,
            "hashes": {
                "sha1": "5c3937cb1b9f7e2112cdf00ec0b1afce7c526ac1",
                "sha512": "425bba203c953aefc5bcc33a706bb1e85802edae881315aa736371036120597baa6edd58ec1e557638246d8ab10a7f90586352eb62dcc8754d2c13f24e42b014"
            },
            "path": "mods/puzzle-1.5.2+1.20.jar"
        },
        {
            "downloads": [
                "https://cdn.modrinth.com/data/Bh37bMuy/versions/hCsMUZLa/reeses_sodium_options-1.6.5%2Bmc1.20.1-build.95.jar"
            ],
            "fileSize": 70820,
            "hashes": {
                "sha1": "49c68b22b9b4db4e1d3eaa3bdb6fdedd1faeba29",
                "sha512": "8f0e96ebf0d8f114f789b644b8360fce2fc260716af2b69ea352e96f01e0f4f2871ec0eb4b7f279f2b90117e30c55fa851eca3e39353fdebe03bfca7d2962c3a"
            },
            "path": "mods/reeses_sodium_options-1.6.5+mc1.20.1-build.95.jar"
        },
        {
            "downloads": [
                "https://cdn.modrinth.com/data/ZP7xHXtw/versions/FYj53ir3/Rrls-3.2.0-1.20.1-fabric.jar"
            ],
            "fileSize": 138928,
            "hashes": {
                "sha1": "0eaf7135dd4c1ecfffc9ea849817247d6e66c569",
                "sha512": "9036179cb649be7ae686f3ed63665b641c6983f707a62ceef943c916df66750eb45de29c56ad40245d89c6a06116dde00cf0a8e4b58317f2aa4df51ad8770a35"
            },
            "path": "mods/Rrls-3.2.0-1.20.1-fabric.jar"
        },
        {
            "downloads": [
                "https://cdn.modrinth.com/data/2M01OLQq/versions/gVxjsEiQ/shulkerboxtooltip-fabric-4.0.4%2B1.20.1.jar"
            ],
            "fileSize": 1215693,
            "hashes": {
                "sha1": "40b822aeed9de6aec3c872af9be2ba17b3867482",
                "sha512": "65cdc8b565e5a7f9a855dd35c7c4b20daae0c6a5822e9a32dabd0f8fd4df6353c9fbd9d1437b83c6f7824e1c65ce466a82f70a7b7ef007bd54afa63718037043"
            },
            "path": "mods/shulkerboxtooltip-fabric-4.0.4+1.20.1.jar"
        },
        {
            "downloads": [
                "https://cdn.modrinth.com/data/PtjYWJkn/versions/80a0J5Cn/sodium-extra-0.5.1%2Bmc1.20.1-build.112.jar"
            ],
            "fileSize": 365533,
            "hashes": {
                "sha1": "74b6dce1ede645ffdecf1185fa05701cef68840d",
                "sha512": "f22f22df15c494a428a8113739267ded3a7e2732158a8e948c115e278d9ffcfb9a94faa7ba3a37364318c895d9d43271ecc58a483b8e49e030394c60a5325c25"
            },
            "path": "mods/sodium-extra-0.5.1+mc1.20.1-build.112.jar"
        },
        {
            "downloads": [
                "https://cdn.modrinth.com/data/AANobbMI/versions/4OZL6q9h/sodium-fabric-mc1.20.1-0.5.3.jar"
            ],
            "fileSize": 852373,
            "hashes": {
                "sha1": "74784e6deb72e8cdb4e3788ac3a3cfd88fc77acf",
                "sha512": "989dffbf494030a09d69004ff761aadd130ac1fbdd26d640c1dccb5dae6a48db24de812bdf75ae7ba373e8bbdd668300884f35f9ad85b25f168619e33218279b"
            },
            "path": "mods/sodium-fabric-mc1.20.1-0.5.3.jar"
        },
        {
            "downloads": [
                "https://cdn.modrinth.com/data/LN9BxssP/versions/Ur02nrUT/supermartijn642configlib-1.1.8a-fabric-mc1.20.jar"
            ],
            "fileSize": 207990,
            "hashes": {
                "sha1": "964df96c16afe775efd467b22f24458915805ad8",
                "sha512": "bccd2d3e55a70c7d4c1aedaa9e85d6d0039e982ebdab40bc2aeba4b27a5112859f7a05c342c3c9575ff5d8ced769d1feffb104ecdd4d19cac8afba9ea2017c52"
            },
            "path": "mods/supermartijn642configlib-1.1.8a-fabric-mc1.20.jar"
        },
        {
            "downloads": [
                "https://cdn.modrinth.com/data/rOUBggPv/versions/7QdgprWI/supermartijn642corelib-1.1.17a-fabric-mc1.20.1.jar"
            ],
            "fileSize": 564983,
            "hashes": {
                "sha1": "a135ecdb1fc5ec8ad867945d38cb6fddcd0d6315",
                "sha512": "81425d7d71b4b93ff317c3cb0e0ffff64456f9296be7b97925bb841d32da2d9ff1f54c1aa0e0341ba01c709839e5f631126a2c8115c85a37d054637d77eeb100"
            },
            "path": "mods/supermartijn642corelib-1.1.17a-fabric-mc1.20.1.jar"
        },
        {
            "downloads": [
                "https://cdn.modrinth.com/data/5aaWibi9/versions/AHxQGtuC/trinkets-3.7.2.jar"
            ],
            "fileSize": 238532,
            "hashes": {
                "sha1": "d58cc8759587f03f320f188972ca66baa788d008",
                "sha512": "bedf97c87c5e556416410267108ad358b32806448be24ef8ae1a79ac63b78b48b9c851c00c845b8aedfc7805601385420716b9e65326fdab21340e8ba3cc4274"
            },
            "path": "mods/trinkets-3.7.2.jar"
        },
        {
            "downloads": [
                "https://cdn.modrinth.com/data/t5wuYk45/versions/mb6K7CK1/tweakeroo-fabric-1.20.1-0.17.1.jar"
            ],
            "fileSize": 273435,
            "hashes": {
                "sha1": "2a18f5905f9e10c6a3b45388b4401ec135b3b3cf",
                "sha512": "7dfab4369dbb76b716829cff3298ccdcd14666e400449ef87bbeed998d074508c1b92d311b812c4514b07dc9c58588bc3be6841c4281c91467bad7dcf471feb0"
            },
            "path": "mods/tweakeroo-fabric-1.20.1-0.17.1.jar"
        },
        {
            "downloads": [
                "https://cdn.modrinth.com/data/6AQIaxuO/versions/BSZMYd4G/wthit-fabric-8.15.2.jar"
            ],
            "fileSize": 779605,
            "hashes": {
                "sha1": "83a47c9d8b0a324d8dd5219ef6494bf8498a7eb5",
                "sha512": "9636327d041d6fee42f93160db08a753f7a1d323aaa8b36556644e4896284ded5b7da52d809a0752024c17eedd76ee11afe9d3b6a0be32956a5d90dd0e38c520"
            },
            "path": "mods/wthit-fabric-8.15.2.jar"
        },
        {
            "downloads": [
                "https://cdn.modrinth.com/data/NcUtCpym/versions/gJ5N7s4J/XaerosWorldMap_1.39.0_Fabric_1.20.jar"
            ],
            "fileSize": 948816,
            "hashes": {
                "sha1": "a1a8227625b881d0f70a4d1cd494b0568000d4ff",
                "sha512": "5f15e58c60dc9428e19010bbf2d2104ecdcc059eba9ca1d5849be86222938060838f4b9a71762e38c400aabd50bd980acf8ff68b8f1c20c3910dd39ff6b26be3"
            },
            "path": "mods/XaerosWorldMap_1.39.0_Fabric_1.20.jar"
        },
        {
            "downloads": [
                "https://cdn.modrinth.com/data/1bokaNcj/versions/2ZxbhVIC/Xaeros_Minimap_24.4.0_Fabric_1.20.jar"
            ],
            "fileSize": 1561763,
            "hashes": {
                "sha1": "cae6b004e50ed621b2d88666212d27e604d45f50",
                "sha512": "88fc990518c174de1df1b57aeacc2085a789bac954547fff3f87ddcdfa8fac5ab284edc62d4461b464fffd3e9a6ec18f39d941360fdc8b52a035095888b68623"
            },
            "path": "mods/Xaeros_Minimap_24.4.0_Fabric_1.20.jar"
        },
        {
            "downloads": [
                "https://cdn.modrinth.com/data/1eAoo2KR/versions/3hsIB5yP/yet-another-config-lib-fabric-3.2.1%2B1.20.jar"
            ],
            "fileSize": 977261,
            "hashes": {
                "sha1": "68ed6a69b22da12916cec79043011110e93ae900",
                "sha512": "2f1c3b68e6ea62e33a2fa00b2b77041000f354c9be71f04caa2ef5217676bfe86c7d891605c1b9410e9e49b40ab98255d3422334f52b6e97e4e9fc0c5ebcc293"
            },
            "path": "mods/yet-another-config-lib-fabric-3.2.1+1.20.jar"
        },
        {
            "downloads": [
                "https://cdn.modrinth.com/data/1eAoo2KR/versions/gQuF6HNa/YetAnotherConfigLib-3.5.0%2B1.20.1-fabric.jar"
            ],
            "fileSize": 1148529,
            "hashes": {
                "sha1": "48005e145f5423ff9446ac6fe3d1cb122f977a00",
                "sha512": "a7f86b8385948589e8951c02e91a57931408e8af2b1bfad9021da26fd4d162682ea39cd50915e4049a74331221de462f0dd76a730e758f2c6c005ff73d87554a"
            },
            "path": "mods/YetAnotherConfigLib-3.5.0+1.20.1-fabric.jar"
        },
        {
            "downloads": [
                "https://cdn.modrinth.com/data/WwbubTsV/versions/KMOzdYko/yosbr-0.1.2.jar"
            ],
            "fileSize": 17373,
            "hashes": {
                "sha1": "f0340e9c0bc95d67f3f3e9c1cd79b61054af11f9",
                "sha512": "254f2225f6446523aa8c8274e83b31e27f3b2afc8fe4f490fb1b169dd518e10c7993acda5db0ab597474ddf9d69506b5e794242fada1e2f89ed7bf9d412a8f78"
            },
            "path": "mods/yosbr-0.1.2.jar"
        },
        {
            "downloads": [
                "https://cdn.modrinth.com/data/w7ThoJFB/versions/gZr7EykF/Zoomify-2.11.2.jar"
            ],
            "fileSize": 999881,
            "hashes": {
                "sha1": "75d8785b79cd2333f4d1d326da55ba5fc6372f8d",
                "sha512": "93b15012dab0e43a0ae4c32dc130e12baa4467c4d0a01a130f2a0fd8f8bf7ac5dd8b31660f98fb8124830f6b1e0e6973296251d614e4a85dfff30a5af4267ace"
            },
            "path": "mods/Zoomify-2.11.2.jar"
        }
    ],
    "formatVersion": 1,
    "game": "minecraft",
    "name": "Cosmic Clayton's Cosmic Modpack",
    "versionId": "0.69"
}
